{"cameraMode":{"drawMode":0,"name":"Shaded","section":"Shading Mode"},"sceneLighting":true,"audioPlay":false,"sceneViewState":{"m_AlwaysRefresh":false,"showFog":true,"showSkybox":true,"showFlares":true,"showImageEffects":true,"showParticleSystems":true,"showVisualEffectGraphs":true,"m_FxEnabled":true},"in2DMode":false,"pivot":{"x":0.9388628005981445,"y":3.5867748260498049,"z":0.8447039127349854},"rotation":{"x":-0.7547588348388672,"y":0.005311891436576843,"z":-0.006111734546720982,"w":-0.6559728980064392},"size":0.8660283088684082,"orthographic":false}